{"cameraMode":{"drawMode":2,"name":"Shaded Wireframe","section":"Shading Mode"},"sceneLighting":true,"audioPlay":false,"sceneViewState":{"showFog":true,"showMaterialUpdate":false,"showSkybox":true,"showFlares":true,"showImageEffects":true,"showParticleSystems":true},"in2DMode":false,"pivot":{"x":1.7402892112731934,"y":2.071983814239502,"z":0.8006429672241211},"rotation":{"x":0.21382540464401246,"y":-0.172735333442688,"z":0.03844543173909187,"w":0.9607117176055908},"size":9.729474067687989,"orthographic":false}